Country,Alpha-3
Germany,DEU
Finland,FIN
USA,USA
Canada,CAN
United Kingdom,GBR
UK,GBR
United States,USA
China,CHN
Japan,JPN
Austria,AUT
Sweden,SWE
France,FRA
India,IND
Denmark,DNK
Taiwan,TWN
Italy,ITA
Switzerland,CHE
CA,USA
Ireland,GBR
Australia,AUS
South Korea,KOR
"Seoul, Korea",KOR
Singapore,SGP
The Netherlands,NLD
Spain,ESP
Netherlands,NLD
Israel,ISR
Republic of Korea,KOR
New Zealand,NZL
Korea,KOR
Belgium,BEL
Portugal,PRT
MA,USA
Taiwan Roc,TWN
Greece,GRC
NY,USA
WA,USA
South Africa,ZAF
GA,USA
PA,USA
Norway,NOR
NJ,USA
IL,USA
Pakistan,PAK
NZ,USA
Uruguay,URY
MD,USA
Arizona,USA
Scotland,GBR
Hong Kong,HKG
AB,USA
U.K.,GBR
Kenya,KEN
9808577 Japan,JPN
LA,USA
Colorado,USA
NV,USA
ITALY,ITA
Utah,USA
Bangladesh,BGD
OR 97124 USA,USA
CA USA,USA
Philippines,PHL
Georgia,GEO
Brazil,BRA
US,USA
TX,USA
Russian Federation,RUS
CO,USA
KS,USA
P.R. China,CHN
Romania,ROU
Slovenia,SVN
NC,USA
OR,USA
the Netherlands,NLD
Luxembourg,LUX
Poland,POL
Costa Rica,CRI
Thailand,THA
Turkey,TUR
IN,USA
Michigan,USA
Massachusetts,USA
Pennsylvania,USA
Sri Lanka,LKA
WA 98195 USA,USA
MI 48109 USA,USA
NY USA,USA
IL USA,USA
Peru,PER
Tokyo. Japan,JPN
Panama,PAN
G12 8QQ,GBR
NY 14850 USA,USA
WA USA,USA
181 Metro Dr. San Jose CA,USA
EgyptEGY
Croatia,HRV
Montclair NJ,USA
Zimbabwe,ZWE
RG,GBR
Yorktown Heights,USA
ON,CAN